date_key,date
1,2024-01-01
2,2024-01-02
3,2024-01-03
4,2024-01-04
5,2024-01-05
6,2024-01-06
7,2024-01-07
8,2024-01-08
9,2024-01-09
10,2024-01-10
11,2024-01-11
12,2024-01-12
13,2024-01-13
14,2024-01-14
15,2024-01-15
16,2024-01-16
17,2024-01-17
18,2024-01-18
19,2024-01-19
20,2024-01-20
21,2024-01-21
22,2024-01-22
23,2024-01-23
24,2024-01-24
25,2024-01-25
26,2024-01-26
27,2024-01-27
28,2024-01-28
29,2024-01-29
30,2024-01-30
31,2024-01-31
32,2024-02-01
33,2024-02-02
34,2024-02-03
35,2024-02-04
36,2024-02-05
37,2024-02-06
38,2024-02-07
39,2024-02-08
40,2024-02-09
41,2024-02-10
42,2024-02-11
43,2024-02-12
44,2024-02-13
45,2024-02-14
46,2024-02-15
47,2024-02-16
48,2024-02-17
49,2024-02-18
50,2024-02-19
51,2024-02-20
52,2024-02-21
53,2024-02-22
54,2024-02-23
55,2024-02-24
56,2024-02-25
57,2024-02-26
58,2024-02-27
59,2024-02-28
60,2024-02-29
61,2024-03-01
62,2024-03-02
63,2024-03-03
64,2024-03-04
65,2024-03-05
66,2024-03-06
67,2024-03-07
68,2024-03-08
69,2024-03-09
70,2024-03-10
71,2024-03-11
72,2024-03-12
73,2024-03-13
74,2024-03-14
75,2024-03-15
76,2024-03-16
77,2024-03-17
78,2024-03-18
79,2024-03-19
80,2024-03-20
81,2024-03-21
82,2024-03-22
83,2024-03-23
84,2024-03-24
85,2024-03-25
86,2024-03-26
87,2024-03-27
88,2024-03-28
89,2024-03-29
90,2024-03-30
91,2024-03-31
92,2024-04-01
93,2024-04-02
94,2024-04-03
95,2024-04-04
96,2024-04-05
97,2024-04-06
98,2024-04-07
99,2024-04-08
100,2024-04-09
101,2024-04-10
102,2024-04-11
103,2024-04-12
104,2024-04-13
105,2024-04-14
106,2024-04-15
107,2024-04-16
108,2024-04-17
109,2024-04-18
110,2024-04-19
111,2024-04-20
112,2024-04-21
113,2024-04-22
114,2024-04-23
115,2024-04-24
116,2024-04-25
117,2024-04-26
118,2024-04-27
119,2024-04-28
120,2024-04-29
121,2024-04-30
122,2024-05-01
123,2024-05-02
124,2024-05-03
125,2024-05-04
126,2024-05-05
127,2024-05-06
128,2024-05-07
129,2024-05-08
130,2024-05-09
131,2024-05-10
132,2024-05-11
133,2024-05-12
134,2024-05-13
135,2024-05-14
136,2024-05-15
137,2024-05-16
138,2024-05-17
139,2024-05-18
140,2024-05-19
141,2024-05-20
142,2024-05-21
143,2024-05-22
144,2024-05-23
145,2024-05-24
146,2024-05-25
147,2024-05-26
148,2024-05-27
149,2024-05-28
150,2024-05-29
151,2024-05-30
152,2024-05-31
153,2024-06-01
154,2024-06-02
155,2024-06-03
156,2024-06-04
157,2024-06-05
158,2024-06-06
159,2024-06-07
160,2024-06-08
161,2024-06-09
162,2024-06-10
163,2024-06-11
164,2024-06-12
165,2024-06-13
166,2024-06-14
167,2024-06-15
168,2024-06-16
169,2024-06-17
170,2024-06-18
171,2024-06-19
172,2024-06-20
173,2024-06-21
174,2024-06-22
175,2024-06-23
176,2024-06-24
177,2024-06-25
178,2024-06-26
179,2024-06-27
180,2024-06-28
181,2024-06-29
182,2024-06-30
183,2024-07-01
184,2024-07-02
185,2024-07-03
186,2024-07-04
187,2024-07-05
188,2024-07-06
189,2024-07-07
190,2024-07-08
191,2024-07-09
192,2024-07-10
193,2024-07-11
194,2024-07-12
195,2024-07-13
196,2024-07-14
197,2024-07-15
198,2024-07-16
199,2024-07-17
200,2024-07-18
201,2024-07-19
202,2024-07-20
203,2024-07-21
204,2024-07-22
205,2024-07-23
206,2024-07-24
207,2024-07-25
208,2024-07-26
209,2024-07-27
210,2024-07-28
211,2024-07-29
212,2024-07-30
213,2024-07-31
214,2024-08-01
215,2024-08-02
216,2024-08-03
217,2024-08-04
218,2024-08-05
219,2024-08-06
220,2024-08-07
221,2024-08-08
222,2024-08-09
223,2024-08-10
224,2024-08-11
225,2024-08-12
226,2024-08-13
227,2024-08-14
228,2024-08-15
229,2024-08-16
230,2024-08-17
231,2024-08-18
232,2024-08-19
233,2024-08-20
234,2024-08-21
235,2024-08-22
236,2024-08-23
237,2024-08-24
238,2024-08-25
239,2024-08-26
240,2024-08-27
241,2024-08-28
242,2024-08-29
243,2024-08-30
244,2024-08-31
245,2024-09-01
246,2024-09-02
247,2024-09-03
248,2024-09-04
249,2024-09-05
250,2024-09-06
251,2024-09-07
252,2024-09-08
253,2024-09-09
254,2024-09-10
255,2024-09-11
256,2024-09-12
257,2024-09-13
258,2024-09-14
259,2024-09-15
260,2024-09-16
261,2024-09-17
262,2024-09-18
263,2024-09-19
264,2024-09-20
265,2024-09-21
266,2024-09-22
267,2024-09-23
268,2024-09-24
269,2024-09-25
270,2024-09-26
271,2024-09-27
272,2024-09-28
273,2024-09-29
274,2024-09-30
275,2024-10-01
276,2024-10-02
277,2024-10-03
278,2024-10-04
279,2024-10-05
280,2024-10-06
281,2024-10-07
282,2024-10-08
283,2024-10-09
284,2024-10-10
285,2024-10-11
286,2024-10-12
287,2024-10-13
288,2024-10-14
289,2024-10-15
290,2024-10-16
291,2024-10-17
292,2024-10-18
293,2024-10-19
294,2024-10-20
295,2024-10-21
296,2024-10-22
297,2024-10-23
298,2024-10-24
299,2024-10-25
300,2024-10-26
301,2024-10-27
302,2024-10-28
303,2024-10-29
304,2024-10-30
305,2024-10-31
306,2024-11-01
307,2024-11-02
308,2024-11-03
309,2024-11-04
310,2024-11-05
311,2024-11-06
312,2024-11-07
313,2024-11-08
314,2024-11-09
315,2024-11-10
316,2024-11-11
317,2024-11-12
318,2024-11-13
319,2024-11-14
320,2024-11-15
321,2024-11-16
322,2024-11-17
323,2024-11-18
324,2024-11-19
325,2024-11-20
326,2024-11-21
327,2024-11-22
328,2024-11-23
329,2024-11-24
330,2024-11-25
331,2024-11-26
332,2024-11-27
333,2024-11-28
334,2024-11-29
335,2024-11-30
336,2024-12-01
337,2024-12-02
338,2024-12-03
339,2024-12-04
340,2024-12-05
341,2024-12-06
342,2024-12-07
343,2024-12-08
344,2024-12-09
345,2024-12-10
346,2024-12-11
347,2024-12-12
348,2024-12-13
349,2024-12-14
350,2024-12-15
351,2024-12-16
352,2024-12-17
353,2024-12-18
354,2024-12-19
355,2024-12-20
356,2024-12-21
357,2024-12-22
358,2024-12-23
359,2024-12-24
360,2024-12-25
361,2024-12-26
362,2024-12-27
363,2024-12-28
364,2024-12-29
365,2024-12-30
366,2024-12-31
367,2025-01-01
368,2025-01-02
369,2025-01-03
370,2025-01-04
371,2025-01-05
372,2025-01-06
373,2025-01-07
374,2025-01-08
375,2025-01-09
376,2025-01-10
377,2025-01-11
378,2025-01-12
379,2025-01-13
380,2025-01-14
381,2025-01-15
382,2025-01-16
383,2025-01-17
384,2025-01-18
385,2025-01-19
386,2025-01-20
387,2025-01-21
388,2025-01-22
389,2025-01-23
390,2025-01-24
391,2025-01-25
392,2025-01-26
393,2025-01-27
394,2025-01-28
395,2025-01-29
396,2025-01-30
397,2025-01-31
398,2025-02-01
399,2025-02-02
400,2025-02-03
401,2025-02-04
402,2025-02-05
403,2025-02-06
404,2025-02-07
405,2025-02-08
406,2025-02-09
407,2025-02-10
408,2025-02-11
409,2025-02-12
410,2025-02-13
411,2025-02-14
412,2025-02-15
413,2025-02-16
414,2025-02-17
415,2025-02-18
416,2025-02-19
417,2025-02-20
418,2025-02-21
419,2025-02-22
420,2025-02-23
421,2025-02-24
422,2025-02-25
423,2025-02-26
424,2025-02-27
425,2025-02-28
426,2025-03-01
427,2025-03-02
428,2025-03-03
429,2025-03-04
430,2025-03-05
431,2025-03-06
432,2025-03-07
433,2025-03-08
434,2025-03-09
435,2025-03-10
436,2025-03-11
437,2025-03-12
438,2025-03-13
439,2025-03-14
440,2025-03-15
441,2025-03-16
442,2025-03-17
443,2025-03-18
444,2025-03-19
445,2025-03-20
446,2025-03-21
447,2025-03-22
448,2025-03-23
449,2025-03-24
450,2025-03-25
451,2025-03-26
452,2025-03-27
453,2025-03-28
454,2025-03-29
455,2025-03-30
456,2025-03-31
457,2025-04-01
458,2025-04-02
459,2025-04-03
460,2025-04-04
461,2025-04-05
462,2025-04-06
463,2025-04-07
464,2025-04-08
465,2025-04-09
466,2025-04-10
467,2025-04-11
468,2025-04-12
469,2025-04-13
470,2025-04-14
471,2025-04-15
472,2025-04-16
473,2025-04-17
474,2025-04-18
475,2025-04-19
476,2025-04-20
477,2025-04-21
478,2025-04-22
479,2025-04-23
480,2025-04-24
481,2025-04-25
482,2025-04-26
483,2025-04-27
484,2025-04-28
485,2025-04-29
486,2025-04-30
487,2025-05-01
488,2025-05-02
489,2025-05-03
490,2025-05-04
491,2025-05-05
492,2025-05-06
493,2025-05-07
494,2025-05-08
495,2025-05-09
496,2025-05-10
497,2025-05-11
498,2025-05-12
499,2025-05-13
500,2025-05-14
501,2025-05-15
502,2025-05-16
503,2025-05-17
504,2025-05-18
505,2025-05-19
506,2025-05-20
507,2025-05-21
508,2025-05-22
509,2025-05-23
510,2025-05-24
511,2025-05-25
512,2025-05-26
513,2025-05-27
514,2025-05-28
515,2025-05-29
516,2025-05-30
517,2025-05-31
518,2025-06-01
519,2025-06-02
520,2025-06-03
521,2025-06-04
522,2025-06-05
523,2025-06-06
524,2025-06-07
525,2025-06-08
526,2025-06-09
527,2025-06-10
528,2025-06-11
529,2025-06-12
530,2025-06-13
531,2025-06-14
532,2025-06-15
533,2025-06-16
534,2025-06-17
535,2025-06-18
536,2025-06-19
537,2025-06-20
538,2025-06-21
539,2025-06-22
540,2025-06-23
541,2025-06-24
542,2025-06-25
543,2025-06-26
544,2025-06-27
545,2025-06-28
546,2025-06-29
547,2025-06-30
548,2025-07-01
549,2025-07-02
550,2025-07-03
551,2025-07-04
552,2025-07-05
553,2025-07-06
554,2025-07-07
555,2025-07-08
556,2025-07-09
557,2025-07-10
558,2025-07-11
559,2025-07-12
560,2025-07-13
561,2025-07-14
562,2025-07-15
563,2025-07-16
564,2025-07-17
565,2025-07-18
566,2025-07-19
567,2025-07-20
568,2025-07-21
569,2025-07-22
570,2025-07-23
571,2025-07-24
572,2025-07-25
573,2025-07-26
574,2025-07-27
575,2025-07-28
576,2025-07-29
577,2025-07-30
578,2025-07-31
579,2025-08-01
580,2025-08-02
581,2025-08-03
582,2025-08-04
583,2025-08-05
584,2025-08-06
585,2025-08-07
586,2025-08-08
587,2025-08-09
588,2025-08-10
589,2025-08-11
590,2025-08-12
591,2025-08-13
592,2025-08-14
593,2025-08-15
594,2025-08-16
595,2025-08-17
596,2025-08-18
597,2025-08-19
598,2025-08-20
599,2025-08-21
600,2025-08-22
601,2025-08-23
602,2025-08-24
603,2025-08-25
604,2025-08-26
605,2025-08-27
606,2025-08-28
607,2025-08-29
608,2025-08-30
609,2025-08-31
610,2025-09-01
611,2025-09-02
612,2025-09-03
613,2025-09-04
614,2025-09-05
615,2025-09-06
616,2025-09-07
617,2025-09-08
618,2025-09-09
619,2025-09-10
620,2025-09-11
621,2025-09-12
622,2025-09-13
623,2025-09-14
624,2025-09-15
625,2025-09-16
626,2025-09-17
627,2025-09-18
628,2025-09-19
629,2025-09-20
630,2025-09-21
631,2025-09-22
632,2025-09-23
633,2025-09-24
634,2025-09-25
635,2025-09-26
636,2025-09-27
637,2025-09-28
638,2025-09-29
639,2025-09-30
